Baseline,RMSE,MAE,MAPE,R2,Pearson Correlation
Regression_BERT,0.023535095133117367,0.013938943038602563,1980570992370.3364,0.6731245974274789,0.8575220549885213
