Baseline,RMSE,MAE,MAPE,R2,Pearson Correlation
densidade_corpus,0.03951327496786081,0.02415788580632243,1789229288105.0715,0.0,
densidade_primeira_palavra,0.22325444585075288,0.14693833405259815,0.31462804463933275,-30.923770415826027,0.22933904514285466
densidade_ultima_palavra,0.14884191122053606,0.0942217141995121,0.19712785156213017,-13.189412773191604,0.2701769479059881
