Baseline,RMSE,MAE,MAPE,R2,Pearson Correlation
densidade_corpus,0.04116468890015248,0.023944038281474542,3349329334032.958,0.0,
densidade_primeira_palavra,0.22935506114473142,0.15146073648804004,0.3171156185007831,-30.043235601234922,0.2510365932239989
densidade_ultima_palavra,0.14763592316337354,0.09417245085853723,0.19715572183617638,-11.862767298514678,0.3037402546787224
